{
    "MAE": 0.017341569102256125,
    "MSE": 0.0008032815500980846,
    "RMSE": 0.028342222038825478
}